Name,Society,Building,Flat,Category,15.04.2022
1,GRAFITTI,A,206,Cow,1.5
1,GRAFITTI,B,407,Cow,1.5
1,GRAFITTI,C,108,Buffalo,2.0
1,GRAFITTI,D,202,Cow,1.0
1,GRAFITTI,E,301,Buffalo,0.5
1,GRAFITTI,H,101,Cow,1.0
1,GRAFITTI,L,303,Cow,1.5
1,GRAFITTI,N,203,Buffalo,1.0
1,GRAFITTI,A,502,Buffalo,1.5
1,GRAFITTI,C,902,Buffalo,0.5
1,GRAFITTI,P,403,Buffalo,1.0
1,GRAFITTI,A,506,Cow,1.0
1,GRAFITTI,B,607,Buffalo,1.5
1,GRAFITTI,C,1007,Cow,2.0
1,GRAFITTI,E,508,Buffalo,0.5
1,GRAFITTI,F,306,Cow,1.5
1,GRAFITTI,N,503,Cow,1.0
1,GRAFITTI,A,604,Buffalo,0.5
1,GRAFITTI,B,608,Cow,1.0
1,GRAFITTI,D,705,Cow,1.0
1,GRAFITTI,F,401,Cow,1.5
1,GRAFITTI,N,504,Cow,0.5
1,GRAFITTI,Q,408,Buffalo,0.5
1,GRAFITTI,B,1101,Buffalo,1.0
1,GRAFITTI,F,406,Cow,1.0
1,GRAFITTI,Q,506,Buffalo,1.5
1,GRAFITTI,Q,707,Buffalo,1.0
1,GRAFITTI,F,806,Cow,1.5
1,GRAFITTI,J,102,Cow,1.5
1,GRAFITTI,G.ELITE,A201,Cow,1.0
1,GRAFITTI,G.ELITE,A202,Buffalo,1.0
1,GRAFITTI,R&S,503,Buffalo,1.5
1,GRAFITTI,G,302,Buffalo,0.5
1,GRAFITTI,R&S,1308,Buffalo,1.0
2,1BLC,A1,102,Cow,1.0
2,1BLC,A1,102,Buffalo,1.0
2,1BLC,A2,102,Cow,1.5
2,1BLC,A3,101,Buffalo,2.0
2,1BLC,A4,401,Cow,1.5
2,1BLC,B3,203,Buffalo,1.0
2,1BLC,C1,307,Cow,2.0
2,1BLC,C1,105,Cow,2.5
2,1BLC,C1,105,Buffalo,1.0
2,1BLC,C2,101,Cow,1.0
2,1BLC,C2,204,Cow,1.0
2,1BLC,A1,103,Buffalo,1.0
2,1BLC,A2,301,Buffalo,2.0
2,1BLC,A3,201,Buffalo,1.5
2,1BLC,B3,303,Cow,1.0
2,1BLC,C1,502,Cow,0.5
2,1BLC,C2,107,Buffalo,1.5
2,1BLC,C2,306,Cow,0.5
2,1BLC,A1,302,Cow,1.0
2,1BLC,A2,302,Buffalo,1.5
2,1BLC,A3,403,Cow,1.0
2,1BLC,A4,602,Buffalo,1.0
2,1BLC,C1,306,Buffalo,1.5
2,1BLC,C2,302,Buffalo,1.0
2,1BLC,C2,606,Cow,1.0
2,1BLC,A1,701,Cow,0.5
2,1BLC,A3,504,Cow,0.5
2,1BLC,A3,504,Buffalo,2.0
2,1BLC,A4,603,Buffalo,1.0
2,1BLC,B2,104,Buffalo,0.5
2,1BLC,C1,508,Cow,0.5
2,1BLC,C1,403,Buffalo,0.5
2,1BLC,C2,408,Buffalo,2.0
2,1BLC,C2,705,Cow,0.5
2,1BLC,A4,701,Buffalo,0.5
2,1BLC,C1,702,Cow,1.0
2,1BLC,C1,503,Cow,1.0
2,1BLC,C2,806,Cow,0.5
2,1BLC,B2,303,Buffalo,2.0
2,1BLC,C1,708,Cow,0.5
2,1BLC,C1,802,Cow,1.0
2,1BLC,C1,506,Buffalo,0.5
2,1BLC,C2,1108,Buffalo,1.0
2,1BLC,C1,703,Buffalo,2.0
2,1BLC,C1,908,Cow,0.5
2,1BLC,C1,804,Cow,2.0
2,1BLC,P.Prime,307,Cow,2.0
2,1BLC,C1,1004,Cow,0.5
2,1BLC,C1,1102,Cow,1.0
2,1BLC,C1,1103,Cow,0.5
2,1BLC,C1,1103,Buffalo,1.0
2,2AE,S.Saffron,B604,Buffalo,1.5
2,2AE,V Viviana,A305,Buffalo,0.5
2,2AE,Bon Vivant,A806,Cow,1.5
2,2AE,S.Saffron,C103,Buffalo,1.0
2,2AE,33/KehsavKunj,B805,Buffalo,1.0
2,2AE,V Viviana,A501,Buffalo,0.5
2,2AE,Bon Vivant,B504,Buffalo,1.0
2,2AE,S.Saffron,C105,Cow,0.5
2,2AE,Bon Vivant,B705,Buffalo,0.5
2,2AE,A,A102,Cow,0.5
2,2AE,A,A102,Buffalo,1.0
2,2AE,B,B201,Cow,1.0
2,2AE,B,B201,Buffalo,1.0
2,2AE,S.Saffron,C303,Cow,0.5
2,2AE,33/KehsavKunj,D701,Cow,2.0
2,2AE,B,B501,Buffalo,0.5
2,2AE,33/KehsavKunj,D702,Cow,1.5
2,2AE,A,A403,Buffalo,1.0
2,2AE,B,B604,Buffalo,1.0
2,2AE,V Viviana,B801,Cow,1.5
2,2AE,A,A703,Cow,1.0
2,2AE,A,A803,Buffalo,1.5
2,2AE,B,B903,Buffalo,1.0
2,2AE,A,A1003,Buffalo,0.5
2,2AE,B,B1001,Cow,0.5
2,2AE,V Viviana,D805,Cow,1.0
2,2AE,A,A1101,Buffalo,0.5
2,2AE,B,S Gaikwad,Buffalo,1.0
2,2AE,A,Anant Residency,Buffalo,1.0
3,1VISHAL,A,405,Cow,1.0
3,1VISHAL,BB,201,Buffalo,1.5
3,1VISHAL,SINGLE APT,D Lonkar,Cow,2.5
3,1VISHAL,AWR,A502,Cow,1.0
3,1VISHAL,A,502,Buffalo,0.5
3,1VISHAL,BC,601,Cow,1.0
3,1VISHAL,BC,601,Buffalo,0.5
3,1VISHAL,A. Akansha,A201,Buffalo,1.0
3,1VISHAL,AWR,A706,Buffalo,1.0
3,1VISHAL,BA,206,Cow,0.5
3,1VISHAL,BB,401,Buffalo,0.5
3,1VISHAL,BC,701,Cow,0.5
3,1VISHAL,BC,701,Buffalo,0.5
3,1VISHAL,A. Akansha,A402,Buffalo,0.5
3,1VISHAL,AWR,C305,Cow,0.5
3,1VISHAL,AWR,C305,Buffalo,0.5
3,1VISHAL,A,602,Buffalo,1.0
3,1VISHAL,BA,501,Cow,0.5
3,1VISHAL,BB,404,Buffalo,0.5
3,1VISHAL,BC,702,Cow,2.5
3,1VISHAL,SINGLE APT,Sai Balaji/108,Buffalo,1.0
3,1VISHAL,A. Akansha,B201,Cow,1.0
3,1VISHAL,AWR,C506,Buffalo,0.5
3,1VISHAL,BA,1004,Cow,1.0
3,1VISHAL,BB,606,Cow,0.5
3,1VISHAL,SINGLE APT,Sai Balaji/309,Cow,1.0
3,1VISHAL,SINGLE APT,Sai Balaji/309,Buffalo,0.5
3,1VISHAL,A. Akansha,B402,Cow,1.0
3,1VISHAL,AWR,C605,Cow,1.0
3,1VISHAL,A,902,Cow,1.0
3,1VISHAL,AWR,C804,Buffalo,1.0
3,1VISHAL,A,904,Cow,1.5
3,1VISHAL,SINGLE APT,Babulal,Buffalo,1.0
3,1VISHAL,AWR,D207,Buffalo,1.0
3,1VISHAL,A,1002,Cow,0.5
3,1VISHAL,SINGLE APT,Tarakunj104,Buffalo,1.0
3,1VISHAL,G.Kale,K,Buffalo,1.0
3,1VISHAL,AWR,D608,Cow,1.0
3,1VISHAL,G.Kale,201,Buffalo,1.0
3,1VISHAL,AWR,D704,Cow,0.5
3,1VISHAL,AWR,D702,Cow,1.5
3,2ANIKET,A,702,Cow,1.0
3,2ANIKET,B3,207,Cow,0.5
3,2ANIKET,B4,102,Cow,1.0
3,2ANIKET,B4,906,Buffalo,1.0
3,2ANIKET,C1,108,Cow,0.5
3,2ANIKET,C2,102,Buffalo,1.0
3,2ANIKET,A,703,Cow,2.0
3,2ANIKET,A,703,Buffalo,0.5
3,2ANIKET,B2,302,Cow,1.0
3,2ANIKET,B2,302,Buffalo,0.5
3,2ANIKET,B3,306,Cow,0.5
3,2ANIKET,B3,306,Buffalo,0.5
3,2ANIKET,B4,206,Buffalo,2.0
3,2ANIKET,C2,103,Cow,1.5
3,2ANIKET,SA,1105,Buffalo,1.0
3,2ANIKET,MGN,H201,Buffalo,1.0
3,2ANIKET,B2,605,Cow,1.0
3,2ANIKET,B3,607,Buffalo,1.0
3,2ANIKET,B4,301,Buffalo,1.0
3,2ANIKET,B4,1003,Cow,1.0
3,2ANIKET,C2,310,Buffalo,0.5
3,2ANIKET,SA,1207,Buffalo,1.0
3,2ANIKET,B2,705,Cow,1.5
3,2ANIKET,B3,703,Buffalo,1.0
3,2ANIKET,B4,402,Buffalo,1.0
3,2ANIKET,B4,1005,Cow,1.0
3,2ANIKET,C1,404,Buffalo,0.5
3,2ANIKET,C2,401,Buffalo,0.5
3,2ANIKET,MGN,I102,Buffalo,2.0
3,2ANIKET,B2,905,Cow,0.5
3,2ANIKET,B4,502,Cow,1.0
3,2ANIKET,B4,1006,Cow,1.5
3,2ANIKET,C1,406,Cow,1.0
3,2ANIKET,ZAGADE,Z,Cow,1.5
3,2ANIKET,MGN,I202,Cow,1.0
3,2ANIKET,MGN,I202,Buffalo,0.5
3,2ANIKET,B1,403,Buffalo,0.5
3,2ANIKET,B2,1102,Cow,1.0
3,2ANIKET,B3,802,Cow,1.5
3,2ANIKET,B4,503,Buffalo,0.5
3,2ANIKET,B4,1101,Cow,1.5
3,2ANIKET,C2,412,Cow,0.5
3,2ANIKET,MGN,K101,Cow,1.5
3,2ANIKET,B1,602,Buffalo,1.0
3,2ANIKET,B2,1103,Cow,0.5
3,2ANIKET,B3,804,Buffalo,1.0
3,2ANIKET,B4,506,Cow,1.0
3,2ANIKET,C1,904,Buffalo,1.0
3,2ANIKET,B1,903,Buffalo,1.0
3,2ANIKET,B2,1106,Cow,0.5
3,2ANIKET,B3,904,Cow,1.0
3,2ANIKET,B4,603,Cow,1.0
3,2ANIKET,B4,1105,Cow,1.0
3,2ANIKET,C2,702,Buffalo,1.0
3,2ANIKET,MGN,M103,Cow,1.5
3,2ANIKET,B1,905,Cow,0.5
3,2ANIKET,B4,802,Buffalo,0.5
3,2ANIKET,C2,802,Buffalo,1.0
3,2ANIKET,MGN,M201,Buffalo,1.0
3,2ANIKET,B1,1003,Cow,1.0
3,2ANIKET,B3,1101,Cow,2.0
3,2ANIKET,B4,807,Cow,0.5
3,2ANIKET,C2,811,Cow,1.5
3,2ANIKET,B1,1006,Cow,1.5
3,2ANIKET,B3,1102,Cow,0.5
3,2ANIKET,B4,902,Buffalo,1.0
3,2ANIKET,Wisteria,B1104,Buffalo,1.0
3,2ANIKET,B3,1103,Buffalo,0.5
3,2ANIKET,Wisteria,Agarwal,Cow,1.5
3,2ANIKET,MGN,L402,Cow,0.5
4,1KAMLESH,Shanti Elixir,A306,Buffalo,1.5
4,1KAMLESH,GITT,T1A1301,Cow,1.0
4,1KAMLESH,Shanti Elixir,B701,Cow,0.5
4,1KAMLESH,Shanti Elixir,B701,Buffalo,0.5
4,1KAMLESH,A,906,Buffalo,0.5
4,1KAMLESH,GITT,T2A1301,Cow,0.5
4,1KAMLESH,GITT,T2A1301,Buffalo,1.0
4,1KAMLESH,Shanti Elixir,B905,Cow,0.5
4,1KAMLESH,GITT,T3A102,Cow,0.5
4,1KAMLESH,GITT,T3A102,Buffalo,6.0
4,1KAMLESH,B,204,Buffalo,1.0
4,1KAMLESH,RIVA,1005,Cow,1.5
4,1KAMLESH,RIVA,1105,Buffalo,1.0
4,1KAMLESH,B,506,Cow,1.0
4,1KAMLESH,GITT,T4A2003,Cow,2.0
4,1KAMLESH,B,602,Cow,1.0
4,1KAMLESH,GITT,T4C1404,Buffalo,1.0
4,1KAMLESH,KK1,A702,Cow,3.0
4,1KAMLESH,B,702,Cow,0.5
4,1KAMLESH,GITT,T5A1803,Cow,1.0
4,1KAMLESH,KK1,C302,Buffalo,1.5
4,1KAMLESH,B,804,Buffalo,0.5
4,1KAMLESH,GITT,T5A1902,Cow,1.0
4,1KAMLESH,B,902,Cow,1.5
4,1KAMLESH,FRW,A305,Cow,4.0
4,1KAMLESH,FRW,A305,Buffalo,1.0
4,1KAMLESH,FRW,A1001,Cow,1.0
4,1KAMLESH,FRW,A1007,Buffalo,0.5
4,1KAMLESH,PGD,B506,Buffalo,0.5
4,1KAMLESH,SKYPOINT,A301,Buffalo,1.5
4,1KAMLESH,ORIANA,B203,Cow,0.5
4,1KAMLESH,PGD,C303,Cow,1.0
4,1KAMLESH,ORIANA,B502,Buffalo,1.0
4,1KAMLESH,PGD,C701,Cow,0.5
4,1KAMLESH,SKYPOINT,A308,Buffalo,1.0
4,1KAMLESH,ORIANA,B602,Buffalo,1.0
4,1KAMLESH,ORIANA,B1002,Cow,1.0
4,1KAMLESH,MINSIGNIA,B306,Buffalo,1.0
4,1KAMLESH,ORIANA,C504,Buffalo,0.5
4,1KAMLESH,FRB,A1001,Buffalo,1.5
4,1KAMLESH,ORIANA,C1204,Buffalo,1.0
4,1KAMLESH,G UTOPIA,B301,Cow,0.5
4,1KAMLESH,FRB,B402,Buffalo,2.5
4,1KAMLESH,ORIANA,C1205,Buffalo,1.5
4,1KAMLESH,G UTOPIA,B802,Buffalo,1.0
4,1KAMLESH,G UTOPIA,C504,Buffalo,1.0
4,2SHANKAR,ALCON,A1/504,Cow,1.0
4,2SHANKAR,SINGLE APARTMENT,N Jagtap,Cow,1.0
4,2SHANKAR,ALCON,A1/901,Cow,1.0
4,2SHANKAR,SAYAJIRAJE,A601,Cow,0.5
4,2SHANKAR,SAYAJIRAJE,A601,Buffalo,1.5
4,2SHANKAR,SINGLE APARTMENT,Bichitkar,Buffalo,1.5
4,2SHANKAR,ALCON,A1/1102,Cow,0.5
4,2SHANKAR,ALCON,A1/1102,Buffalo,1.0
4,2SHANKAR,SAYAJIRAJE,A803,Buffalo,2.0
4,2SHANKAR,SINGLE APARTMENT,K Jadhav,Cow,0.5
4,2SHANKAR,SINGLE APARTMENT,K Jadhav,Buffalo,1.0
4,2SHANKAR,ALCON,A1/1103,Buffalo,0.5
4,2SHANKAR,ALCON,A1/1104,Buffalo,1.5
4,2SHANKAR,SAYAJIRAJE,C702,Buffalo,0.5
4,2SHANKAR,SINGLE APARTMENT,Om Shanti,Buffalo,1.0
4,2SHANKAR,ALCON,A2/803,Buffalo,2.0
4,2SHANKAR,SAYAJIRAJE,D104,Buffalo,1.0
4,2SHANKAR,SINGLE APARTMENT,Sharda Medical,Buffalo,2.0
4,2SHANKAR,ALCON,A10/404,Cow,0.5
4,2SHANKAR,SAYAJIRAJE,D603,Buffalo,1.0
4,2SHANKAR,SINGLE APARTMENT,Rampure,Buffalo,1.0
4,2SHANKAR,ALCON,A10/504,Cow,0.5
4,2SHANKAR,SINGLE APARTMENT,Dr.Reddy,Buffalo,2.0
4,2SHANKAR,SINGLE APARTMENT,Brijesh Jadhav,Buffalo,0.5
4,2SHANKAR,ALCON,A10/901,Cow,1.5
4,2SHANKAR,ALCON,A10/1001,Cow,0.5
4,2SHANKAR,ALCON,A10/1001,Buffalo,0.5
4,2SHANKAR,Vihana,B106,Cow,1.0
4,2SHANKAR,SINGLE APARTMENT,Manjusha,Buffalo,1.0
4,2SHANKAR,Vihana,B504,Buffalo,1.0
4,2SHANKAR,SINGLE APARTMENT,Tambat,Cow,0.5
4,2SHANKAR,JaiGanganagar,Bharat Patil,Buffalo,1.0
4,2SHANKAR,Vihana,B506,Buffalo,1.0
4,2SHANKAR,SINGLE APARTMENT,Thorat,Cow,1.0
4,2SHANKAR,JaiGanganagar,Tanpure,Buffalo,1.0
4,2SHANKAR,SINGLE APARTMENT,Kodre,Buffalo,1.0
4,2SHANKAR,JaiGanganagar,Jbhagirathi/204,Buffalo,1.0
4,2SHANKAR,SINGLE APARTMENT,Nihal,Buffalo,1.0
4,2SHANKAR,JaiGanganagar,FL 14,Buffalo,1.0
4,2SHANKAR,SINGLE APARTMENT,R Pwar,Cow,1.5
4,2SHANKAR,SINGLE APARTMENT,S Bhandari,Buffalo,1.0
4,2SHANKAR,SAI NAGARI,C102,Cow,1.0
4,2SHANKAR,MINIS,A3/304,Cow,1.0
4,2SHANKAR,SINGLE APARTMENT,Sunanda Jadhav,Buffalo,0.5
4,2SHANKAR,SAI NAGARI,D402,Cow,1.0
4,2SHANKAR,SINGLE APARTMENT,Ghadge,Buffalo,2.0
ALOK,ALOK,P Panorama,A2/304,Buffalo,1.5
ALOK,ALOK,SINGLE APARTMENT,Tadakle,Buffalo,1.0
ALOK,ALOK,Florida County,A1/202,Buffalo,0.5
ALOK,ALOK,Florida County,B6/402,Buffalo,1.0
ALOK,ALOK,F.ESTATE,A1/202,Cow,2.0
ALOK,ALOK,SINGLE APARTMENT,Kamal Shaikh,Buffalo,1.5
ALOK,ALOK,Florida County,A1/302,Buffalo,1.0
ALOK,ALOK,Florida County,B6/403,Buffalo,1.0
ALOK,ALOK,F.ESTATE,A6/302,Cow,1.0
ALOK,ALOK,F.ESTATE,A6/302,Buffalo,1.0
ALOK,ALOK,P Panorama,A2/504,Cow,1.0
ALOK,ALOK,SINGLE APARTMENT,Ravindra Sagar,Cow,1.0
ALOK,ALOK,Florida County,B1/101,Buffalo,1.0
ALOK,ALOK,Florida County,B7/404,Buffalo,0.5
ALOK,ALOK,F.ESTATE,B2/201,Buffalo,2.5
ALOK,ALOK,SINGLE APARTMENT,Sonai Nagar,Buffalo,1.0
ALOK,ALOK,Florida County,B5/303,Buffalo,1.0
ALOK,ALOK,Florida County,Salunke,Buffalo,1.0
ALOK,ALOK,F.ESTATE,BUNGLOW T8,Buffalo,1.0
ALOK,ALOK,SINGLE APARTMENT,Dilip Zagade,Buffalo,1.0
ALOK,ALOK,Florida County,B6/103,Buffalo,2.0
ALOK,ALOK,Florida County,Pravin Nikam,Cow,0.5
ALOK,ALOK,Row House,RH18,Buffalo,1.5
ALOK,ALOK,SINGLE APARTMENT,Suman Shinde,Cow,1.5
ALOK,ALOK,Florida County,Dinesh Nikam,Cow,0.5
ALOK,ALOK,TARABAI PARK,A1/203,Buffalo,0.5
ALOK,ALOK,Row House,RH24,Cow,1.0
ALOK,ALOK,Row House,RH24,Buffalo,1.0
ALOK,ALOK,SINGLE APARTMENT,Thopate,Buffalo,1.0
ALOK,ALOK,SINGLE APARTMENT,Aryan Hotel,Buffalo,1.5
ALOK,ALOK,Florida County,N Mane,Buffalo,1.0
ALOK,ALOK,SINGLE APARTMENT,A Angan 301,Buffalo,1.0
ALOK,ALOK,P GOLD,101,Buffalo,1.0
ALOK,ALOK,SINGLE APARTMENT,A Angan 402,Cow,0.5
ALOK,ALOK,P GOLD,401,Buffalo,1.5
ALOK,ALOK,SINGLE APARTMENT,Ajinkya Pannase,Buffalo,1.0
ALOK,ALOK,P GOLD,1003,Cow,1.5
ALOK,ALOK,SINGLE APARTMENT,Hargude,Buffalo,0.5
ALOK,ALOK,P GOLD,1201,Buffalo,1.0
